INSERT INTO game (status) VALUES (-1);

INSERT INTO room (room_id, room_phase, name, description) VALUES (0, 0, 'lobby', 'lobby');
-- Phase 1 Rooms
INSERT INTO room (room_id, room_phase, name, description) VALUES (1, 1, 'room 1', 'This is room 1 with question event');
INSERT INTO room (room_id, room_phase, name, description) VALUES (2, 1, 'room 2', 'This is room 2 with question event');
INSERT INTO room (room_id, room_phase, name, description) VALUES (3, 1, 'room 3', 'This is room 3 with question event');
INSERT INTO room (room_id, room_phase, name, description) VALUES (4, 1, 'room 4', 'This is room 4 with question event');
INSERT INTO room (room_id, room_phase, name, description) VALUES (5, 1, 'room 5', 'This is room 5 with question event');
INSERT INTO room (room_id, room_phase, name, description) VALUES (6, 1, 'room 6', 'This is room 6 with question event');
INSERT INTO room (room_id, room_phase, name, description) VALUES (7, 1, 'room 7', 'This is room 7 with question event');
INSERT INTO room (room_id, room_phase, name, description) VALUES (8, 1, 'room 8', 'This is room 8 with question event');
INSERT INTO room (room_id, room_phase, name, description) VALUES (9, 1, 'room 9', 'This is room 9 with question event');
INSERT INTO room (room_id, room_phase, name, description) VALUES (10, 1, 'room 10', 'This is room 10 with question event');
-- Phase 2 Rooms
INSERT INTO room (room_id, room_phase, name, description) VALUES (11, 2, 'room 11', 'This is room 11 with question event');
INSERT INTO room (room_id, room_phase, name, description) VALUES (12, 2, 'room 12', 'This is room 12 with question event');
INSERT INTO room (room_id, room_phase, name, description) VALUES (13, 2, 'room 13', 'This is room 13 with question event');
INSERT INTO room (room_id, room_phase, name, description) VALUES (14, 2, 'room 14', 'This is room 14 with question event');
INSERT INTO room (room_id, room_phase, name, description) VALUES (15, 2, 'room 15', 'This is room 15 with question event');
INSERT INTO room (room_id, room_phase, name, description) VALUES (16, 2, 'room 16', 'This is room 16 with action event');
INSERT INTO room (room_id, room_phase, name, description) VALUES (17, 2, 'room 17', 'This is room 17 with question event');
INSERT INTO room (room_id, room_phase, name, description) VALUES (18, 2, 'room 18', 'This is room 18 with action event');
INSERT INTO room (room_id, room_phase, name, description) VALUES (19, 2, 'room 19', 'This is room 19 with question event');
INSERT INTO room (room_id, room_phase, name, description) VALUES (20, 2, 'room 20', 'This is room 20 with question event');
INSERT INTO room (room_id, room_phase, name, description) VALUES (21, 2, 'room 21', 'This is room 21 with action event');
INSERT INTO room (room_id, room_phase, name, description) VALUES (22, 2, 'room 22', 'This is room 22 with question event');
INSERT INTO room (room_id, room_phase, name, description) VALUES (23, 2, 'room 23', 'This is room 23 with action event');
INSERT INTO room (room_id, room_phase, name, description) VALUES (24, 2, 'room 24', 'This is room 24 with question event');
INSERT INTO room (room_id, room_phase, name, description) VALUES (25, 2, 'room 25', 'This is room 25 with question event');
INSERT INTO room (room_id, room_phase, name, description) VALUES (26, 2, 'room 26', 'This is room 26 with action event');
INSERT INTO room (room_id, room_phase, name, description) VALUES (27, 2, 'room 27', 'This is room 27 with question event');
INSERT INTO room (room_id, room_phase, name, description) VALUES (28, 2, 'room 28', 'This is room 28 with action event');
INSERT INTO room (room_id, room_phase, name, description) VALUES (29, 2, 'room 29', 'This is room 29 with question event');
INSERT INTO room (room_id, room_phase, name, description) VALUES (30, 2, 'room 30', 'This is room 30 with question event');
INSERT INTO room (room_id, room_phase, name, description) VALUES (31, 2, 'room 31', 'This is room 31 with question event');
-- Phase 3 Rooms
INSERT INTO room (room_id, room_phase, name, description) VALUES (32, 3, 'room 32', 'This is room 32 with question event');
INSERT INTO room (room_id, room_phase, name, description) VALUES (33, 3, 'room 33', 'This is room 33 with question event');
INSERT INTO room (room_id, room_phase, name, description) VALUES (34, 3, 'room 34', 'This is room 34 with question event');
INSERT INTO room (room_id, room_phase, name, description) VALUES (35, 3, 'room 35', 'This is room 35 with question event');
INSERT INTO room (room_id, room_phase, name, description) VALUES (36, 3, 'room 36', 'This is room 36 with question event');
INSERT INTO room (room_id, room_phase, name, description) VALUES (37, 3, 'boss', 'This is boss room');

-- Room events Phase 1
INSERT INTO room_event (room_id, event_type, event_id) VALUES (1, 0, '1');
INSERT INTO room_event (room_id, event_type, event_id) VALUES (2, 0, '2');
INSERT INTO room_event (room_id, event_type, event_id) VALUES (3, 0, '3');
INSERT INTO room_event (room_id, event_type, event_id) VALUES (4, 0, '4');
INSERT INTO room_event (room_id, event_type, event_id) VALUES (5, 0, '5');
INSERT INTO room_event (room_id, event_type, event_id) VALUES (6, 0, '6');
INSERT INTO room_event (room_id, event_type, event_id) VALUES (7, 0, '7');
INSERT INTO room_event (room_id, event_type, event_id) VALUES (8, 0, '8');
INSERT INTO room_event (room_id, event_type, event_id) VALUES (9, 0, '9');
INSERT INTO room_event (room_id, event_type, event_id) VALUES (10, 0, '10');
-- Room events Phase 2
INSERT INTO room_event (room_id, event_type, event_id) VALUES (11, 0, '11');
INSERT INTO room_event (room_id, event_type, event_id) VALUES (12, 0, '12');
INSERT INTO room_event (room_id, event_type, event_id) VALUES (13, 0, '13');
INSERT INTO room_event (room_id, event_type, event_id) VALUES (14, 0, '14');
INSERT INTO room_event (room_id, event_type, event_id) VALUES (15, 0, '15');
INSERT INTO room_event (room_id, event_type, event_id) VALUES (16, 1, 'change_score');
INSERT INTO room_event (room_id, event_type, event_id) VALUES (17, 0,'17');
INSERT INTO room_event (room_id, event_type, event_id) VALUES (18, 1, 'hide_event');
INSERT INTO room_event (room_id, event_type, event_id) VALUES (19, 0, '19');
INSERT INTO room_event (room_id, event_type, event_id) VALUES (20, 0, '20');
INSERT INTO room_event (room_id, event_type, event_id) VALUES (21, 1, 'back_to_lobby');
INSERT INTO room_event (room_id, event_type, event_id) VALUES (22, 0, '22');
INSERT INTO room_event (room_id, event_type, event_id) VALUES (23, 1, 'double_score');
INSERT INTO room_event (room_id, event_type, event_id) VALUES (24, 0, '24');
INSERT INTO room_event (room_id, event_type, event_id) VALUES (25, 0, '25');
INSERT INTO room_event (room_id, event_type, event_id) VALUES (26, 1, 'add_steps');
INSERT INTO room_event (room_id, event_type, event_id) VALUES (27, 0, '27');
INSERT INTO room_event (room_id, event_type, event_id) VALUES (28, 1, 'stole_score');
INSERT INTO room_event (room_id, event_type, event_id) VALUES (29, 0, '29');
INSERT INTO room_event (room_id, event_type, event_id) VALUES (30, 0, '30');
INSERT INTO room_event (room_id, event_type, event_id) VALUES (31, 0, '31');
-- Room events Phase 3
INSERT INTO room_event (room_id, event_type, event_id) VALUES (32, 0, '32');
INSERT INTO room_event (room_id, event_type, event_id) VALUES (33, 0, '33');
INSERT INTO room_event (room_id, event_type, event_id) VALUES (34, 0, '34');
INSERT INTO room_event (room_id, event_type, event_id) VALUES (35, 0, '35');
INSERT INTO room_event (room_id, event_type, event_id) VALUES (36, 0, '36');
INSERT INTO room_event (room_id, event_type, event_id) VALUES (37, 1, 'boss');

-- Room link
-- Phase 1 links
INSERT INTO room_link (room_id_from, room_id_to, distance) VALUES (1, 2, 10);
INSERT INTO room_link (room_id_from, room_id_to, distance) VALUES (1, 3, 10);
INSERT INTO room_link (room_id_from, room_id_to, distance) VALUES (1, 4, 10);
INSERT INTO room_link (room_id_from, room_id_to, distance) VALUES (1, 5, 10);
INSERT INTO room_link (room_id_from, room_id_to, distance) VALUES (1, 6, 10);
INSERT INTO room_link (room_id_from, room_id_to, distance) VALUES (1, 7, 10);
INSERT INTO room_link (room_id_from, room_id_to, distance) VALUES (1, 8, 10);
INSERT INTO room_link (room_id_from, room_id_to, distance) VALUES (1, 9, 10);
INSERT INTO room_link (room_id_from, room_id_to, distance) VALUES (1, 10, 10);
INSERT INTO room_link (room_id_from, room_id_to, distance) VALUES (2, 1, 10);
INSERT INTO room_link (room_id_from, room_id_to, distance) VALUES (2, 3, 10);
INSERT INTO room_link (room_id_from, room_id_to, distance) VALUES (2, 4, 10);
INSERT INTO room_link (room_id_from, room_id_to, distance) VALUES (2, 5, 10);
INSERT INTO room_link (room_id_from, room_id_to, distance) VALUES (2, 6, 10);
INSERT INTO room_link (room_id_from, room_id_to, distance) VALUES (2, 7, 10);
INSERT INTO room_link (room_id_from, room_id_to, distance) VALUES (2, 8, 10);
INSERT INTO room_link (room_id_from, room_id_to, distance) VALUES (2, 9, 10);
INSERT INTO room_link (room_id_from, room_id_to, distance) VALUES (2, 10, 10);
INSERT INTO room_link (room_id_from, room_id_to, distance) VALUES (3, 1, 10);
INSERT INTO room_link (room_id_from, room_id_to, distance) VALUES (3, 2, 10);
INSERT INTO room_link (room_id_from, room_id_to, distance) VALUES (3, 4, 10);
INSERT INTO room_link (room_id_from, room_id_to, distance) VALUES (3, 5, 10);
INSERT INTO room_link (room_id_from, room_id_to, distance) VALUES (3, 6, 10);
INSERT INTO room_link (room_id_from, room_id_to, distance) VALUES (3, 7, 10);
INSERT INTO room_link (room_id_from, room_id_to, distance) VALUES (3, 8, 10);
INSERT INTO room_link (room_id_from, room_id_to, distance) VALUES (3, 9, 10);
INSERT INTO room_link (room_id_from, room_id_to, distance) VALUES (3, 10, 10);
INSERT INTO room_link (room_id_from, room_id_to, distance) VALUES (4, 1, 10);
INSERT INTO room_link (room_id_from, room_id_to, distance) VALUES (4, 2, 10);
INSERT INTO room_link (room_id_from, room_id_to, distance) VALUES (4, 3, 10);
INSERT INTO room_link (room_id_from, room_id_to, distance) VALUES (4, 5, 10);
INSERT INTO room_link (room_id_from, room_id_to, distance) VALUES (4, 6, 10);
INSERT INTO room_link (room_id_from, room_id_to, distance) VALUES (4, 7, 10);
INSERT INTO room_link (room_id_from, room_id_to, distance) VALUES (4, 8, 10);
INSERT INTO room_link (room_id_from, room_id_to, distance) VALUES (4, 9, 10);
INSERT INTO room_link (room_id_from, room_id_to, distance) VALUES (4, 10, 10);
INSERT INTO room_link (room_id_from, room_id_to, distance) VALUES (5, 1, 10);
INSERT INTO room_link (room_id_from, room_id_to, distance) VALUES (5, 2, 10);
INSERT INTO room_link (room_id_from, room_id_to, distance) VALUES (5, 3, 10);
INSERT INTO room_link (room_id_from, room_id_to, distance) VALUES (5, 4, 10);
INSERT INTO room_link (room_id_from, room_id_to, distance) VALUES (5, 6, 10);
INSERT INTO room_link (room_id_from, room_id_to, distance) VALUES (5, 7, 10);
INSERT INTO room_link (room_id_from, room_id_to, distance) VALUES (5, 8, 10);
INSERT INTO room_link (room_id_from, room_id_to, distance) VALUES (5, 9, 10);
INSERT INTO room_link (room_id_from, room_id_to, distance) VALUES (5, 10, 10);
INSERT INTO room_link (room_id_from, room_id_to, distance) VALUES (6, 1, 10);
INSERT INTO room_link (room_id_from, room_id_to, distance) VALUES (6, 2, 10);
INSERT INTO room_link (room_id_from, room_id_to, distance) VALUES (6, 3, 10);
INSERT INTO room_link (room_id_from, room_id_to, distance) VALUES (6, 4, 10);
INSERT INTO room_link (room_id_from, room_id_to, distance) VALUES (6, 5, 10);
INSERT INTO room_link (room_id_from, room_id_to, distance) VALUES (6, 7, 10);
INSERT INTO room_link (room_id_from, room_id_to, distance) VALUES (6, 8, 10);
INSERT INTO room_link (room_id_from, room_id_to, distance) VALUES (6, 9, 10);
INSERT INTO room_link (room_id_from, room_id_to, distance) VALUES (6, 10, 10);
INSERT INTO room_link (room_id_from, room_id_to, distance) VALUES (7, 1, 10);
INSERT INTO room_link (room_id_from, room_id_to, distance) VALUES (7, 2, 10);
INSERT INTO room_link (room_id_from, room_id_to, distance) VALUES (7, 3, 10);
INSERT INTO room_link (room_id_from, room_id_to, distance) VALUES (7, 4, 10);
INSERT INTO room_link (room_id_from, room_id_to, distance) VALUES (7, 5, 10);
INSERT INTO room_link (room_id_from, room_id_to, distance) VALUES (7, 6, 10);
INSERT INTO room_link (room_id_from, room_id_to, distance) VALUES (7, 8, 10);
INSERT INTO room_link (room_id_from, room_id_to, distance) VALUES (7, 9, 10);
INSERT INTO room_link (room_id_from, room_id_to, distance) VALUES (7, 10, 10);
INSERT INTO room_link (room_id_from, room_id_to, distance) VALUES (8, 1, 10);
INSERT INTO room_link (room_id_from, room_id_to, distance) VALUES (8, 2, 10);
INSERT INTO room_link (room_id_from, room_id_to, distance) VALUES (8, 3, 10);
INSERT INTO room_link (room_id_from, room_id_to, distance) VALUES (8, 4, 10);
INSERT INTO room_link (room_id_from, room_id_to, distance) VALUES (8, 5, 10);
INSERT INTO room_link (room_id_from, room_id_to, distance) VALUES (8, 6, 10);
INSERT INTO room_link (room_id_from, room_id_to, distance) VALUES (8, 7, 10);
INSERT INTO room_link (room_id_from, room_id_to, distance) VALUES (8, 9, 10);
INSERT INTO room_link (room_id_from, room_id_to, distance) VALUES (8, 10, 10);
INSERT INTO room_link (room_id_from, room_id_to, distance) VALUES (9, 1, 10);
INSERT INTO room_link (room_id_from, room_id_to, distance) VALUES (9, 2, 10);
INSERT INTO room_link (room_id_from, room_id_to, distance) VALUES (9, 3, 10);
INSERT INTO room_link (room_id_from, room_id_to, distance) VALUES (9, 4, 10);
INSERT INTO room_link (room_id_from, room_id_to, distance) VALUES (9, 5, 10);
INSERT INTO room_link (room_id_from, room_id_to, distance) VALUES (9, 6, 10);
INSERT INTO room_link (room_id_from, room_id_to, distance) VALUES (9, 7, 10);
INSERT INTO room_link (room_id_from, room_id_to, distance) VALUES (9, 8, 10);
INSERT INTO room_link (room_id_from, room_id_to, distance) VALUES (9, 10, 10);
INSERT INTO room_link (room_id_from, room_id_to, distance) VALUES (10, 1, 10);
INSERT INTO room_link (room_id_from, room_id_to, distance) VALUES (10, 2, 10);
INSERT INTO room_link (room_id_from, room_id_to, distance) VALUES (10, 3, 10);
INSERT INTO room_link (room_id_from, room_id_to, distance) VALUES (10, 4, 10);
INSERT INTO room_link (room_id_from, room_id_to, distance) VALUES (10, 5, 10);
INSERT INTO room_link (room_id_from, room_id_to, distance) VALUES (10, 6, 10);
INSERT INTO room_link (room_id_from, room_id_to, distance) VALUES (10, 7, 10);
INSERT INTO room_link (room_id_from, room_id_to, distance) VALUES (10, 8, 10);
INSERT INTO room_link (room_id_from, room_id_to, distance) VALUES (10, 9, 10);
-- Phase 2 links
INSERT INTO room_link (room_id_from, room_id_to, distance) VALUES (11, 12, 10);
INSERT INTO room_link (room_id_from, room_id_to, distance) VALUES (11, 13, 10);
INSERT INTO room_link (room_id_from, room_id_to, distance) VALUES (11, 14, 10);
INSERT INTO room_link (room_id_from, room_id_to, distance) VALUES (12, 11, 10);
INSERT INTO room_link (room_id_from, room_id_to, distance) VALUES (12, 15, 10);
INSERT INTO room_link (room_id_from, room_id_to, distance) VALUES (13, 11, 10);
INSERT INTO room_link (room_id_from, room_id_to, distance) VALUES (13, 17, 10);
INSERT INTO room_link (room_id_from, room_id_to, distance) VALUES (14, 11, 10);
INSERT INTO room_link (room_id_from, room_id_to, distance) VALUES (14, 15, 10);
INSERT INTO room_link (room_id_from, room_id_to, distance) VALUES (14, 17, 10);
INSERT INTO room_link (room_id_from, room_id_to, distance) VALUES (14, 19, 10);
INSERT INTO room_link (room_id_from, room_id_to, distance) VALUES (15, 12, 10);
INSERT INTO room_link (room_id_from, room_id_to, distance) VALUES (15, 14, 10);
INSERT INTO room_link (room_id_from, room_id_to, distance) VALUES (15, 16, 10);
INSERT INTO room_link (room_id_from, room_id_to, distance) VALUES (15, 20, 10);
INSERT INTO room_link (room_id_from, room_id_to, distance) VALUES (16, 15, 10);
INSERT INTO room_link (room_id_from, room_id_to, distance) VALUES (16, 21, 10);
INSERT INTO room_link (room_id_from, room_id_to, distance) VALUES (17, 13, 10);
INSERT INTO room_link (room_id_from, room_id_to, distance) VALUES (17, 14, 10);
INSERT INTO room_link (room_id_from, room_id_to, distance) VALUES (17, 18, 10);
INSERT INTO room_link (room_id_from, room_id_to, distance) VALUES (17, 22, 10);
INSERT INTO room_link (room_id_from, room_id_to, distance) VALUES (18, 17, 10);
INSERT INTO room_link (room_id_from, room_id_to, distance) VALUES (18, 23, 10);
INSERT INTO room_link (room_id_from, room_id_to, distance) VALUES (19, 14, 10);
INSERT INTO room_link (room_id_from, room_id_to, distance) VALUES (19, 20, 10);
INSERT INTO room_link (room_id_from, room_id_to, distance) VALUES (19, 22, 10);
INSERT INTO room_link (room_id_from, room_id_to, distance) VALUES (19, 24, 10);
INSERT INTO room_link (room_id_from, room_id_to, distance) VALUES (20, 15, 10);
INSERT INTO room_link (room_id_from, room_id_to, distance) VALUES (20, 19, 10);
INSERT INTO room_link (room_id_from, room_id_to, distance) VALUES (20, 21, 10);
INSERT INTO room_link (room_id_from, room_id_to, distance) VALUES (20, 25, 10);
INSERT INTO room_link (room_id_from, room_id_to, distance) VALUES (21, 16, 10);
INSERT INTO room_link (room_id_from, room_id_to, distance) VALUES (21, 20, 10);
INSERT INTO room_link (room_id_from, room_id_to, distance) VALUES (21, 26, 10);
INSERT INTO room_link (room_id_from, room_id_to, distance) VALUES (22, 17, 10);
INSERT INTO room_link (room_id_from, room_id_to, distance) VALUES (22, 19, 10);
INSERT INTO room_link (room_id_from, room_id_to, distance) VALUES (22, 23, 10);
INSERT INTO room_link (room_id_from, room_id_to, distance) VALUES (22, 27, 10);
INSERT INTO room_link (room_id_from, room_id_to, distance) VALUES (23, 18, 10);
INSERT INTO room_link (room_id_from, room_id_to, distance) VALUES (23, 22, 10);
INSERT INTO room_link (room_id_from, room_id_to, distance) VALUES (23, 28, 10);
INSERT INTO room_link (room_id_from, room_id_to, distance) VALUES (24, 19, 10);
INSERT INTO room_link (room_id_from, room_id_to, distance) VALUES (24, 25, 10);
INSERT INTO room_link (room_id_from, room_id_to, distance) VALUES (24, 27, 10);
INSERT INTO room_link (room_id_from, room_id_to, distance) VALUES (24, 29, 10);
INSERT INTO room_link (room_id_from, room_id_to, distance) VALUES (25, 20, 10);
INSERT INTO room_link (room_id_from, room_id_to, distance) VALUES (25, 24, 10);
INSERT INTO room_link (room_id_from, room_id_to, distance) VALUES (25, 26, 10);
INSERT INTO room_link (room_id_from, room_id_to, distance) VALUES (25, 30, 10);
INSERT INTO room_link (room_id_from, room_id_to, distance) VALUES (26, 21, 10);
INSERT INTO room_link (room_id_from, room_id_to, distance) VALUES (26, 25, 10);
INSERT INTO room_link (room_id_from, room_id_to, distance) VALUES (27, 22, 10);
INSERT INTO room_link (room_id_from, room_id_to, distance) VALUES (27, 24, 10);
INSERT INTO room_link (room_id_from, room_id_to, distance) VALUES (27, 28, 10);
INSERT INTO room_link (room_id_from, room_id_to, distance) VALUES (27, 31, 10);
INSERT INTO room_link (room_id_from, room_id_to, distance) VALUES (28, 23, 10);
INSERT INTO room_link (room_id_from, room_id_to, distance) VALUES (28, 27, 10);
INSERT INTO room_link (room_id_from, room_id_to, distance) VALUES (29, 24, 10);
INSERT INTO room_link (room_id_from, room_id_to, distance) VALUES (29, 30, 10);
INSERT INTO room_link (room_id_from, room_id_to, distance) VALUES (29, 31, 10);
INSERT INTO room_link (room_id_from, room_id_to, distance) VALUES (30, 25, 10);
INSERT INTO room_link (room_id_from, room_id_to, distance) VALUES (30, 29, 10);
INSERT INTO room_link (room_id_from, room_id_to, distance) VALUES (31, 27, 10);
INSERT INTO room_link (room_id_from, room_id_to, distance) VALUES (31, 29, 10);
-- Phase 3 links
INSERT INTO room_link (room_id_from, room_id_to, distance) VALUES (32, 33, 10);
INSERT INTO room_link (room_id_from, room_id_to, distance) VALUES (32, 34, 10);
INSERT INTO room_link (room_id_from, room_id_to, distance) VALUES (33, 32, 10);
INSERT INTO room_link (room_id_from, room_id_to, distance) VALUES (33, 34, 10);
INSERT INTO room_link (room_id_from, room_id_to, distance) VALUES (33, 36, 10);
INSERT INTO room_link (room_id_from, room_id_to, distance) VALUES (34, 32, 10);
INSERT INTO room_link (room_id_from, room_id_to, distance) VALUES (34, 33, 10);
INSERT INTO room_link (room_id_from, room_id_to, distance) VALUES (34, 35, 10);
INSERT INTO room_link (room_id_from, room_id_to, distance) VALUES (35, 34, 10);
INSERT INTO room_link (room_id_from, room_id_to, distance) VALUES (35, 36, 10);
INSERT INTO room_link (room_id_from, room_id_to, distance) VALUES (35, 37, 10);
INSERT INTO room_link (room_id_from, room_id_to, distance) VALUES (36, 33, 10);
INSERT INTO room_link (room_id_from, room_id_to, distance) VALUES (36, 35, 10);
INSERT INTO room_link (room_id_from, room_id_to, distance) VALUES (36, 37, 10);

-- Players
INSERT INTO player (esn, location, line_id, status, score) values ('1', 0, '1', 0, 0);
INSERT INTO player (esn, location, line_id, status, score) values ('2', 0, '2', 0, 0);
INSERT INTO player (esn, location, line_id, status, score) values ('3', 0, '3', 0, 0);
INSERT INTO player (esn, location, line_id, status, score) values ('4', 0, '4', 0, 0);
INSERT INTO player (esn, location, line_id, status, score) values ('5', 0, '5', 0, 0);
INSERT INTO player (esn, location, line_id, status, score) values ('6', 0, '6', 0, 0);
INSERT INTO player (esn, location, line_id, status, score) values ('7', 0, '7', 0, 0);
INSERT INTO player (esn, location, line_id, status, score) values ('8', 0, '8', 0, 0);
-- Questions
INSERT INTO questions (question_id, question_text, answer_id) VALUES ('1', 'Garmin Pay會支援哪些發卡組織?', 1);
INSERT INTO questions (question_id, question_text, answer_id) VALUES ('2', 'Fitness age是否代表你的實際年齡?', 2);
INSERT INTO questions (question_id, question_text, answer_id) VALUES ('3', 'Stress level數字越高代表什麼?', 3);
INSERT INTO questions (question_id, question_text, answer_id) VALUES ('4', '哪些已上市產品(包含已經和即將支援)支援Rep Counting?', 4);
INSERT INTO questions (question_id, question_text, answer_id) VALUES ('5', '一個支援音樂播放的產品?', 1);
INSERT INTO questions (question_id, question_text, answer_id) VALUES ('6', 'Edge1030新增的路徑規劃方法為何?', 1);
INSERT INTO questions (question_id, question_text, answer_id) VALUES ('7', 'Edge1030熱門路線的的資料來源為何?', 2);
INSERT INTO questions (question_id, question_text, answer_id) VALUES ('8', 'Edge1030的熱門路線分為幾種等級?', 3);
INSERT INTO questions (question_id, question_text, answer_id) VALUES ('9', 'Edge1030的熱門路線的特色是?', 3);
INSERT INTO questions (question_id, question_text, answer_id) VALUES ('10', 'Edge1030的熱門路線多久更新一次?', 3);
INSERT INTO questions (question_id, question_text, answer_id) VALUES ('11', 'PM team有多少女生?', 3);
INSERT INTO questions (question_id, question_text, answer_id) VALUES ('12', 'Edge 系列的最新產品叫做?', 2);
INSERT INTO questions (question_id, question_text, answer_id) VALUES ('13', 'Forerunner 系列的最新產品叫做?', 1);
INSERT INTO questions (question_id, question_text, answer_id) VALUES ('14', 'RDP是什麼的縮寫?', 1);
INSERT INTO questions (question_id, question_text, answer_id) VALUES ('15', '2017年上市vivo系列產品的名稱?', 3);
INSERT INTO questions (question_id, question_text, answer_id) VALUES ('17', 'GCM4中被重新設計的主要feature是什麼?', 3);
INSERT INTO questions (question_id, question_text, answer_id) VALUES ('19', '在GCM4中，同步按鈕除了device頁面以外還有哪裡會出現?', 2);
INSERT INTO questions (question_id, question_text, answer_id) VALUES ('20', '在新的首頁設計中My Day卡片顯示今天以內的各種活動資訊，除此以外，還有哪兩個卡片顯示不同時段的統計資料?', 1);
INSERT INTO questions (question_id, question_text, answer_id) VALUES ('22', 'GCM 4.0版本預計釋出的月份是?', 3);
INSERT INTO questions (question_id, question_text, answer_id) VALUES ('24', 'GCM中跑步的Activity Card的顏色，跟哪一支職棒隊伍的代表色最接近?', 4);
INSERT INTO questions (question_id, question_text, answer_id) VALUES ('25', 'Which one is the Garmin time offset?', 2);
INSERT INTO questions (question_id, question_text, answer_id) VALUES ('27', 'Which settings can be synced back to Connect after device setting synchronization feature is done?', 3);
INSERT INTO questions (question_id, question_text, answer_id) VALUES ('29', 'Which devices will/do support device settings synchronization?', 4);
INSERT INTO questions (question_id, question_text, answer_id) VALUES ('30', 'What is the pain point before device setting synchronization feature?', 4);
INSERT INTO questions (question_id, question_text, answer_id) VALUES ('31', 'If a user has more than 2 devices on Connect with the same account, which settings on the devices will be the same after syncing with Connect?', 1);
INSERT INTO questions (question_id, question_text, answer_id) VALUES ('32', '大家都知道，forerunner在某國家因為已經先被註冊，因此該項產品在那個地方換了個名字，請問是哪個國家？', 1);
INSERT INTO questions (question_id, question_text, answer_id) VALUES ('33', '大家都知道，forerunner在某國家因為已經先被註冊，所以後來該產品註冊的新名字是?', 4);
INSERT INTO questions (question_id, question_text, answer_id) VALUES ('34', '以下知名跑者，曾為Fenix5代言過的人是?', 2);
INSERT INTO questions (question_id, question_text, answer_id) VALUES ('35', '日前甫發表，即在網路上引起熱烈討論，網友甚至還要求最好Garmin每位員工都配戴一支的產品是?', 3);
INSERT INTO questions (question_id, question_text, answer_id) VALUES ('36', '今天活動是因哪個社團活動遊戲啟發的?', 1);

-- Options
INSERT INTO options (question_id, options_id, options_text) VALUES ('1', 1, 'Visa, MasterCard, 銀聯');
INSERT INTO options (question_id, options_id, options_text) VALUES ('1', 2, 'Visa, MasterCard, JCB');
INSERT INTO options (question_id, options_id, options_text) VALUES ('1', 3, 'Master, America Express, JCB');
INSERT INTO options (question_id, options_id, options_text) VALUES ('1', 4, 'All support');
INSERT INTO options (question_id, options_id, options_text) VALUES ('2', 1, '是');
INSERT INTO options (question_id, options_id, options_text) VALUES ('2', 2, '否');
INSERT INTO options (question_id, options_id, options_text) VALUES ('2', 3, '不確定');
INSERT INTO options (question_id, options_id, options_text) VALUES ('2', 4, '沒有這個功能');
INSERT INTO options (question_id, options_id, options_text) VALUES ('3', 1, '重力愈大');
INSERT INTO options (question_id, options_id, options_text) VALUES ('3', 2, '體重愈高');
INSERT INTO options (question_id, options_id, options_text) VALUES ('3', 3, '壓力愈大');
INSERT INTO options (question_id, options_id, options_text) VALUES ('3', 4, '深度愈深');
INSERT INTO options (question_id, options_id, options_text) VALUES ('4', 1, 'Vivosmart 3');
INSERT INTO options (question_id, options_id, options_text) VALUES ('4', 2, 'Forerunner 935');
INSERT INTO options (question_id, options_id, options_text) VALUES ('4', 3, 'Fenix 5');
INSERT INTO options (question_id, options_id, options_text) VALUES ('4', 4, '以上皆是');
INSERT INTO options (question_id, options_id, options_text) VALUES ('5', 1, 'Forerunner 645M');
INSERT INTO options (question_id, options_id, options_text) VALUES ('5', 2, 'Forerunner 935');
INSERT INTO options (question_id, options_id, options_text) VALUES ('5', 3, 'Forerunner 735');
INSERT INTO options (question_id, options_id, options_text) VALUES ('5', 4, 'Forerunner 235');
INSERT INTO options (question_id, options_id, options_text) VALUES ('6', 1, '熱門路線優先');
INSERT INTO options (question_id, options_id, options_text) VALUES ('6', 2, '單行道優先');
INSERT INTO options (question_id, options_id, options_text) VALUES ('6', 3, '二高優先');
INSERT INTO options (question_id, options_id, options_text) VALUES ('6', 4, '行人優先');
INSERT INTO options (question_id, options_id, options_text) VALUES ('7', 1, 'Strava');
INSERT INTO options (question_id, options_id, options_text) VALUES ('7', 2, 'Garmin Connect');
INSERT INTO options (question_id, options_id, options_text) VALUES ('7', 3, '交通部高公局');
INSERT INTO options (question_id, options_id, options_text) VALUES ('7', 4, 'Training Peak');
INSERT INTO options (question_id, options_id, options_text) VALUES ('8', 1, '5');
INSERT INTO options (question_id, options_id, options_text) VALUES ('8', 2, '6');
INSERT INTO options (question_id, options_id, options_text) VALUES ('8', 3, '7');
INSERT INTO options (question_id, options_id, options_text) VALUES ('8', 4, '8');
INSERT INTO options (question_id, options_id, options_text) VALUES ('9', 1, '根據騎乘時的季節做路線選擇');
INSERT INTO options (question_id, options_id, options_text) VALUES ('9', 2, '根據使用者的騎乘類型做選擇');
INSERT INTO options (question_id, options_id, options_text) VALUES ('9', 3, '以上皆是');
INSERT INTO options (question_id, options_id, options_text) VALUES ('9', 4, '以上皆非');
INSERT INTO options (question_id, options_id, options_text) VALUES ('10', 1, '有課金才更新');
INSERT INTO options (question_id, options_id, options_text) VALUES ('10', 2, '不定期,遇有更新時,由使用者決定是否更新');
INSERT INTO options (question_id, options_id, options_text) VALUES ('10', 3, '每季隨地圖一起更新');
INSERT INTO options (question_id, options_id, options_text) VALUES ('10', 4, '只要有跟GCM連線,就會即時更新');
INSERT INTO options (question_id, options_id, options_text) VALUES ('11', 1, '5');
INSERT INTO options (question_id, options_id, options_text) VALUES ('11', 2, '6');
INSERT INTO options (question_id, options_id, options_text) VALUES ('11', 3, '7');
INSERT INTO options (question_id, options_id, options_text) VALUES ('11', 4, '8');
INSERT INTO options (question_id, options_id, options_text) VALUES ('12', 1, 'Edge 3310');
INSERT INTO options (question_id, options_id, options_text) VALUES ('12', 2, 'Edge 1030');
INSERT INTO options (question_id, options_id, options_text) VALUES ('12', 3, 'Edge 9527');
INSERT INTO options (question_id, options_id, options_text) VALUES ('12', 4, 'Edge 5566');
INSERT INTO options (question_id, options_id, options_text) VALUES ('13', 1, 'Forerunner® 935');
INSERT INTO options (question_id, options_id, options_text) VALUES ('13', 2, 'Forerunner® 735XT');
INSERT INTO options (question_id, options_id, options_text) VALUES ('13', 3, 'Forerunner® 35');
INSERT INTO options (question_id, options_id, options_text) VALUES ('13', 4, 'Forerunner® 235');
INSERT INTO options (question_id, options_id, options_text) VALUES ('14', 1, 'Running Dynamics Pod');
INSERT INTO options (question_id, options_id, options_text) VALUES ('14', 2, 'Remote Desktop Protocol');
INSERT INTO options (question_id, options_id, options_text) VALUES ('14', 3, 'Rest Die Peace');
INSERT INTO options (question_id, options_id, options_text) VALUES ('14', 4, 'Research Develop Programmer');
INSERT INTO options (question_id, options_id, options_text) VALUES ('15', 1, 'vivo fit 3');
INSERT INTO options (question_id, options_id, options_text) VALUES ('15', 2, 'vivo smart 3');
INSERT INTO options (question_id, options_id, options_text) VALUES ('15', 3, 'vivo active 3');
INSERT INTO options (question_id, options_id, options_text) VALUES ('15', 4, 'vivo jr');
INSERT INTO options (question_id, options_id, options_text) VALUES ('17', 1, 'My Bad');
INSERT INTO options (question_id, options_id, options_text) VALUES ('17', 2, 'My Dad');
INSERT INTO options (question_id, options_id, options_text) VALUES ('17', 3, 'My Day');
INSERT INTO options (question_id, options_id, options_text) VALUES ('17', 4, 'My Pay');
INSERT INTO options (question_id, options_id, options_text) VALUES ('19', 1, 'My Day (首頁) 左上角');
INSERT INTO options (question_id, options_id, options_text) VALUES ('19', 2, 'My Day (首頁) 右上角');
INSERT INTO options (question_id, options_id, options_text) VALUES ('19', 3, '按下Ctrl+Alt+Del後');
INSERT INTO options (question_id, options_id, options_text) VALUES ('19', 4, '付費以觀看更多');
INSERT INTO options (question_id, options_id, options_text) VALUES ('20', 1, 'Yesterday, Last 7 Days');
INSERT INTO options (question_id, options_id, options_text) VALUES ('20', 2, 'Tomorrow, Last 7 Days');
INSERT INTO options (question_id, options_id, options_text) VALUES ('20', 3, 'Yesterday, Last Month');
INSERT INTO options (question_id, options_id, options_text) VALUES ('20', 4, 'Tomorrow, Last Month');
INSERT INTO options (question_id, options_id, options_text) VALUES ('22', 1, '上個月');
INSERT INTO options (question_id, options_id, options_text) VALUES ('22', 2, '本月');
INSERT INTO options (question_id, options_id, options_text) VALUES ('22', 3, '下個月');
INSERT INTO options (question_id, options_id, options_text) VALUES ('22', 4, '視JW心情而定');
INSERT INTO options (question_id, options_id, options_text) VALUES ('24', 1, '富邦悍將');
INSERT INTO options (question_id, options_id, options_text) VALUES ('24', 2, '中信兄弟');
INSERT INTO options (question_id, options_id, options_text) VALUES ('24', 3, 'Lamigo Monkeys');
INSERT INTO options (question_id, options_id, options_text) VALUES ('24', 4, '統一獅');
INSERT INTO options (question_id, options_id, options_text) VALUES ('25', 1, '613065600');
INSERT INTO options (question_id, options_id, options_text) VALUES ('25', 2, '631065600');
INSERT INTO options (question_id, options_id, options_text) VALUES ('25', 3, '613000000');
INSERT INTO options (question_id, options_id, options_text) VALUES ('25', 4, '631000000');
INSERT INTO options (question_id, options_id, options_text) VALUES ('27', 1, 'User settings');
INSERT INTO options (question_id, options_id, options_text) VALUES ('27', 2, 'Device settings');
INSERT INTO options (question_id, options_id, options_text) VALUES ('27', 3, 'All of the above');
INSERT INTO options (question_id, options_id, options_text) VALUES ('27', 4, 'None of the above');
INSERT INTO options (question_id, options_id, options_text) VALUES ('29', 1, 'Fenix 5');
INSERT INTO options (question_id, options_id, options_text) VALUES ('29', 2, 'Forerunner 935');
INSERT INTO options (question_id, options_id, options_text) VALUES ('29', 3, 'vivoactive 3');
INSERT INTO options (question_id, options_id, options_text) VALUES ('29', 4, 'All of them');
INSERT INTO options (question_id, options_id, options_text) VALUES ('30', 1, 'Users do not know how to setup settings');
INSERT INTO options (question_id, options_id, options_text) VALUES ('30', 2, 'Users do not know how to sync devices');
INSERT INTO options (question_id, options_id, options_text) VALUES ('30', 3, 'The settings on Connect sometimes will be overrode by the watch after syncing');
INSERT INTO options (question_id, options_id, options_text) VALUES ('30', 4, 'The settings on the watch sometimes will be overrode by Connect after syncing');
INSERT INTO options (question_id, options_id, options_text) VALUES ('31', 1, 'User settings');
INSERT INTO options (question_id, options_id, options_text) VALUES ('31', 2, 'Device settings');
INSERT INTO options (question_id, options_id, options_text) VALUES ('31', 3, 'All of the above');
INSERT INTO options (question_id, options_id, options_text) VALUES ('31', 4, 'None of the above');
INSERT INTO options (question_id, options_id, options_text) VALUES ('32', 1, '日本');
INSERT INTO options (question_id, options_id, options_text) VALUES ('32', 2, '羅馬尼亞');
INSERT INTO options (question_id, options_id, options_text) VALUES ('32', 3, '中國');
INSERT INTO options (question_id, options_id, options_text) VALUES ('32', 4, '韓國');
INSERT INTO options (question_id, options_id, options_text) VALUES ('33', 1, 'foresummer');
INSERT INTO options (question_id, options_id, options_text) VALUES ('33', 2, 'forloop');
INSERT INTO options (question_id, options_id, options_text) VALUES ('33', 3, 'iCantBelieveSomeoneUsedForerunner');
INSERT INTO options (question_id, options_id, options_text) VALUES ('33', 4, 'foreathelete');
INSERT INTO options (question_id, options_id, options_text) VALUES ('34', 1, '林義傑');
INSERT INTO options (question_id, options_id, options_text) VALUES ('34', 2, '陳彥博');
INSERT INTO options (question_id, options_id, options_text) VALUES ('34', 3, '阿甘');
INSERT INTO options (question_id, options_id, options_text) VALUES ('34', 4, '包偉銘');
INSERT INTO options (question_id, options_id, options_text) VALUES ('35', 1, 'sigma smart');
INSERT INTO options (question_id, options_id, options_text) VALUES ('35', 2, 'alpha smart');
INSERT INTO options (question_id, options_id, options_text) VALUES ('35', 3, 'delta smart');
INSERT INTO options (question_id, options_id, options_text) VALUES ('35', 4, 'gamma smart');
INSERT INTO options (question_id, options_id, options_text) VALUES ('36', 1, '桌遊社');
INSERT INTO options (question_id, options_id, options_text) VALUES ('36', 2, 'VR社');
INSERT INTO options (question_id, options_id, options_text) VALUES ('36', 3, '咖啡社');
INSERT INTO options (question_id, options_id, options_text) VALUES ('36', 4, '健身社');
-- score map
INSERT INTO score_map (rank, score) VALUES (1, 3);
INSERT INTO score_map (rank, score) VALUES (2, 3);
INSERT INTO score_map (rank, score) VALUES (3, 3);
INSERT INTO score_map (rank, score) VALUES (4, 2);
INSERT INTO score_map (rank, score) VALUES (5, 2);
INSERT INTO score_map (rank, score) VALUES (6, 2);
INSERT INTO score_map (rank, score) VALUES (7, 1);
INSERT INTO score_map (rank, score) VALUES (8, 1);
INSERT INTO score_map (rank, score) VALUES (9, 1);
-- action
INSERT INTO actions (action_id, action_text_a, action_text_b) VALUES ('change_score', 'You have to select a team to exchange your score.', 'One team has exchanged your score.');
INSERT INTO actions (action_id, action_text_a, action_text_b) VALUES ('stole_score', 'Select a team to steal 3 point from them.', 'One team has stolen your score.');
INSERT INTO actions (action_id, action_text_a, action_text_b) VALUES ('hide_event', 'You hide one of your room event.', '');
INSERT INTO actions (action_id, action_text_a, action_text_b) VALUES ('back_to_lobby', 'You are transferred to the lobby.', '');
INSERT INTO actions (action_id, action_text_a, action_text_b) VALUES ('add_steps', 'You increase your distance to every room in your rest game.', '');
INSERT INTO actions (action_id, action_text_a, action_text_b) VALUES ('double_score', 'You double up your current score', '');
INSERT INTO actions (action_id, action_text_a, action_text_b) VALUES ('boss', 'Try to win the boss, good luck', '');

